"","sub","item","cond.x","Rtn_sweep_type","char_line","Rtnsweep_land_char","corr_sacc_land_char","sample","undersweep_prob"
"14",1,99,3,"undersweep",6,3,1,"Old",1
"35",1,32,2,"undersweep",7,10,3,"Old",1
"55",1,40,1,"undersweep",9,9,4,"Old",1
"79",1,22,1,"undersweep",8,8,4,"Old",1
"98",1,34,1,"undersweep",7,7,4,"Old",1
"138",1,92,2,"undersweep",4,7,4,"Old",1
"157",1,91,1,"accurate",3,3,NA,"Old",0
"176",1,35,2,"undersweep",5,8,3,"Old",1
"203",1,6,3,"undersweep",8,5,2,"Old",1
"223",1,55,1,"undersweep",9,8,4,"Old",1
"243",1,3,3,"undersweep",9,6,2,"Old",1
"269",1,96,3,"accurate",7,4,NA,"Old",0
"297",1,68,2,"accurate",NA,2,NA,"Old",0
"325",1,16,1,"undersweep",6,6,4,"Old",1
"356",1,69,3,"undersweep",8,5,2,"Old",1
"383",1,11,2,"undersweep",6,9,5,"Old",1
"401",1,101,2,"accurate",1,4,NA,"Old",0
"421",1,54,3,"accurate",5,2,NA,"Old",0
"439",1,105,3,"accurate",3,0,NA,"Old",0
"470",1,30,3,"undersweep",7,4,1,"Old",1
"494",1,45,3,"undersweep",7,4,2,"Old",1
"519",1,77,2,"undersweep",1,4,3,"Old",1
"550",1,60,3,"undersweep",15,12,2,"Old",1
"581",1,74,2,"undersweep",1,4,2,"Old",1
"608",1,78,3,"undersweep",11,8,3,"Old",1
"630",1,72,3,"undersweep",8,5,1,"Old",1
"677",1,62,2,"accurate",NA,2,NA,"Old",0
"697",1,70,1,"undersweep",8,7,2,"Old",1
"721",1,51,3,"accurate",2,-1,NA,"Old",0
"744",1,33,3,"accurate",4,1,NA,"Old",0
"765",1,7,1,"accurate",3,3,NA,"Old",0
"789",1,86,2,"undersweep",6,9,5,"Old",1
"810",1,103,1,"undersweep",6,6,2,"Old",1
"843",1,38,2,"undersweep",1,3,2,"Old",1
"865",1,100,1,"undersweep",7,7,2,"Old",1
"911",1,58,1,"undersweep",5,5,1,"Old",1
"940",1,76,1,"undersweep",4,4,2,"Old",1
"959",1,81,3,"accurate",5,2,NA,"Old",0
"986",1,89,2,"undersweep",5,8,5,"Old",1
"1010",1,42,3,"undersweep",7,3,1,"Old",1
"1035",1,28,1,"undersweep",5,5,1,"Old",1
"1069",1,17,2,"undersweep",2,5,2,"Old",1
"1092",1,41,2,"undersweep",8,11,4,"Old",1
"1124",1,47,2,"undersweep",NA,2,0,"Old",1
"1148",1,98,2,"undersweep",4,7,2,"Old",1
"1161",1,80,2,"undersweep",29,32,19,"Old",1
"1199",1,14,2,"undersweep",5,8,2,"Old",1
"1218",1,46,1,"undersweep",9,9,2,"Old",1
"1245",1,56,2,"undersweep",1,4,1,"Old",1
"1263",1,63,3,"accurate",6,3,NA,"Old",0
"1297",1,104,2,"undersweep",NA,2,1,"Old",1
"1321",1,93,3,"undersweep",6,3,1,"Old",1
"1349",1,8,2,"undersweep",2,5,1,"Old",1
"1372",1,67,1,"accurate",NA,0,NA,"Old",0
"1393",1,84,3,"accurate",1,-2,NA,"Old",0
"1430",1,90,3,"undersweep",9,6,1,"Old",1
"1452",1,97,1,"accurate",3,3,NA,"Old",0
"1479",1,83,2,"undersweep",7,10,3,"Old",1
"1502",1,59,2,"undersweep",4,7,2,"Old",1
"1522",1,79,1,"accurate",2,2,NA,"Old",0
"1538",1,5,2,"accurate",NA,2,NA,"Old",0
"1558",1,48,3,"undersweep",8,5,1,"Old",1
"1586",1,53,2,"undersweep",2,5,0,"Old",1
"1609",1,29,2,"undersweep",NA,3,1,"Old",1
"1635",1,21,3,"accurate",4,1,NA,"Old",0
"1661",1,25,1,"accurate",NA,-2,NA,"Old",0
"1682",1,52,1,"undersweep",48,48,43,"Old",1
"1718",1,37,1,"undersweep",6,6,1,"Old",1
"1750",1,64,1,"undersweep",5,5,3,"Old",1
"1777",1,31,1,"undersweep",3,3,1,"Old",1
"1809",1,49,1,"undersweep",6,6,1,"Old",1
"1837",1,27,3,"undersweep",7,4,1,"Old",1
"1864",1,61,1,"accurate",2,2,NA,"Old",0
"1882",1,88,1,"undersweep",4,4,0,"Old",1
"1922",1,50,2,"undersweep",3,6,2,"Old",1
"1944",1,87,3,"undersweep",11,8,3,"Old",1
"1970",1,26,2,"undersweep",4,7,2,"Old",1
"1996",1,43,1,"undersweep",9,9,1,"Old",1
"2023",1,94,1,"undersweep",5,5,2,"Old",1
"2047",1,19,1,"undersweep",9,9,3,"Old",1
"2072",1,102,3,"accurate",5,2,NA,"Old",0
"2091",1,44,2,"undersweep",4,7,1,"Old",1
"2119",1,15,3,"undersweep",7,4,1,"Old",1
"2142",1,73,1,"undersweep",7,6,2,"Old",1
"2167",1,1,1,"undersweep",3,3,2,"Old",1
"2192",1,36,3,"accurate",4,0,NA,"Old",0
"2219",1,82,1,"undersweep",7,7,2,"Old",1
"2239",1,71,2,"undersweep",2,5,3,"Old",1
"2262",1,23,2,"undersweep",1,4,2,"Old",1
"2291",1,65,2,"undersweep",NA,3,1,"Old",1
"2316",1,2,2,"undersweep",6,9,4,"Old",1
"2336",1,4,1,"undersweep",5,5,1,"Old",1
"2360",1,18,3,"undersweep",6,3,1,"Old",1
"2377",1,85,1,"accurate",4,4,NA,"Old",0
"2405",1,75,3,"accurate",5,2,NA,"Old",0
"2434",1,24,3,"accurate",5,1,NA,"Old",0
"2456",1,95,2,"undersweep",4,7,3,"Old",1
"2475",1,39,3,"accurate",1,-2,NA,"Old",0
"2500",1,13,1,"undersweep",6,6,2,"Old",1
"2522",1,9,3,"accurate",3,0,NA,"Old",0
"2541",1,66,3,"undersweep",7,4,1,"Old",1
"2565",1,20,2,"undersweep",6,9,4,"Old",1
"2590",1,57,3,"accurate",4,1,NA,"Old",0
"2617",1,10,1,"accurate",2,2,NA,"Old",0
"2642",1,12,3,"undersweep",5,2,0,"Old",1
"2662",2,99,1,"undersweep",7,7,0,"Old",1
"2674",2,32,3,"accurate",5,2,NA,"Old",0
"2683",2,40,2,"undersweep",13,16,3,"Old",1
"2696",2,22,2,"undersweep",11,14,3,"Old",1
"2708",2,34,2,"undersweep",5,8,3,"Old",1
"2735",2,92,3,"undersweep",6,3,-1,"Old",1
"2750",2,91,2,"undersweep",5,8,2,"Old",1
"2759",2,35,3,"accurate",3,0,NA,"Old",0
"2769",2,6,1,"accurate",1,1,NA,"Old",0
"2777",2,55,2,"undersweep",3,6,1,"Old",1
"2788",2,3,1,"accurate",2,2,NA,"Old",0
"2797",2,96,1,"accurate",2,2,NA,"Old",0
"2809",2,68,3,"accurate",6,3,NA,"Old",0
"2817",2,16,2,"undersweep",6,9,7,"Old",1
"2830",2,69,1,"accurate",1,1,NA,"Old",0
"2848",2,11,3,"undersweep",20,17,6,"Old",1
"2856",2,101,3,"accurate",4,0,NA,"Old",0
"2865",2,54,1,"undersweep",7,7,1,"Old",1
"2872",2,105,1,"accurate",3,3,NA,"Old",0
"2883",2,30,1,"undersweep",17,17,1,"Old",1
"2892",2,45,1,"undersweep",9,9,2,"Old",1
"2901",2,77,3,"accurate",4,1,NA,"Old",0
"2914",2,60,1,"undersweep",6,6,1,"Old",1
"2924",2,74,3,"undersweep",15,12,-2,"Old",1
"2937",2,78,1,"undersweep",7,7,1,"Old",1
"2949",2,72,1,"accurate",3,3,NA,"Old",0
"2962",2,62,3,"accurate",2,-1,NA,"Old",0
"2970",2,70,2,"accurate",2,5,NA,"Old",0
"2977",2,51,1,"accurate",3,3,NA,"Old",0
"2986",2,33,1,"accurate",2,2,NA,"Old",0
"2994",2,7,2,"accurate",NA,3,NA,"Old",0
"3006",2,86,3,"accurate",4,1,NA,"Old",0
"3014",2,103,2,"undersweep",8,11,3,"Old",1
"3024",2,38,3,"undersweep",11,8,1,"Old",1
"3033",2,100,2,"undersweep",4,7,2,"Old",1
"3041",2,58,2,"accurate",1,4,NA,"Old",0
"3050",2,76,2,"undersweep",7,10,2,"Old",1
"3058",2,81,1,"accurate",4,4,NA,"Old",0
"3066",2,89,3,"undersweep",12,9,1,"Old",1
"3075",2,42,1,"undersweep",6,6,0,"Old",1
"3087",2,28,2,"undersweep",1,4,1,"Old",1
"3101",2,17,3,"accurate",1,-2,NA,"Old",0
"3109",2,41,3,"accurate",3,0,NA,"Old",0
"3118",2,47,3,"accurate",4,1,NA,"Old",0
"3127",2,98,3,"undersweep",10,7,-1,"Old",1
"3135",2,80,3,"accurate",6,3,NA,"Old",0
"3146",2,14,3,"accurate",3,0,NA,"Old",0
"3159",2,46,2,"undersweep",12,15,4,"Old",1
"3169",2,56,3,"undersweep",18,15,3,"Old",1
"3177",2,63,1,"accurate",6,6,NA,"Old",0
"3186",2,104,3,"undersweep",10,7,4,"Old",1
"3197",2,93,1,"undersweep",7,7,4,"Old",1
"3205",2,8,3,"accurate",8,5,NA,"Old",0
"3216",2,67,2,"undersweep",8,11,5,"Old",1
"3225",2,84,1,"accurate",6,6,NA,"Old",0
"3234",2,90,1,"accurate",4,4,NA,"Old",0
"3241",2,97,2,"undersweep",8,11,6,"Old",1
"3249",2,83,3,"accurate",7,4,NA,"Old",0
"3257",2,59,3,"accurate",10,7,NA,"Old",0
"3264",2,79,2,"undersweep",29,32,12,"Old",1
"3271",2,5,3,"undersweep",16,13,1,"Old",1
"3280",2,48,1,"undersweep",11,11,7,"Old",1
"3285",2,53,3,"undersweep",7,4,0,"Old",1
"3292",2,29,3,"accurate",4,1,NA,"Old",0
"3299",2,21,1,"undersweep",10,10,3,"Old",1
"3308",2,25,2,"undersweep",10,13,5,"Old",1
"3317",2,52,2,"undersweep",8,11,6,"Old",1
"3324",2,37,2,"undersweep",5,8,3,"Old",1
"3333",2,64,2,"undersweep",7,10,5,"Old",1
"3343",2,31,2,"accurate",7,10,NA,"Old",0
"3351",2,49,2,"undersweep",8,11,5,"Old",1
"3359",2,27,1,"accurate",5,5,NA,"Old",0
"3367",2,61,2,"accurate",4,7,NA,"Old",0
"3375",2,88,2,"undersweep",4,7,2,"Old",1
"3385",2,50,3,"accurate",4,1,NA,"Old",0
"3393",2,87,1,"undersweep",7,7,1,"Old",1
"3401",2,26,3,"accurate",6,2,NA,"Old",0
"3409",2,43,2,"undersweep",24,27,7,"Old",1
"3421",2,94,2,"undersweep",4,7,3,"Old",1
"3429",2,19,2,"accurate",2,5,NA,"Old",0
"3438",2,102,1,"undersweep",8,8,2,"Old",1
"3449",2,44,3,"accurate",9,6,NA,"Old",0
"3456",2,15,1,"accurate",4,4,NA,"Old",0
"3462",2,73,2,"accurate",4,7,NA,"Old",0
"3472",2,1,2,"accurate",4,7,NA,"Old",0
"3481",2,36,1,"accurate",5,5,NA,"Old",0
"3487",2,82,2,"undersweep",10,13,5,"Old",1
"3495",2,71,3,"accurate",5,1,NA,"Old",0
"3503",2,23,3,"accurate",3,0,NA,"Old",0
"3513",2,65,3,"accurate",5,2,NA,"Old",0
"3524",2,2,3,"undersweep",8,5,1,"Old",1
"3537",2,4,2,"undersweep",8,11,4,"Old",1
"3546",2,18,1,"undersweep",14,14,3,"Old",1
"3555",2,85,2,"accurate",5,8,NA,"Old",0
"3566",2,75,1,"undersweep",7,7,1,"Old",1
"3577",2,24,1,"accurate",6,6,NA,"Old",0
"3586",2,95,3,"undersweep",11,8,-1,"Old",1
"3594",2,39,1,"undersweep",18,18,5,"Old",1
"3601",2,13,2,"undersweep",16,19,6,"Old",1
"3610",2,9,1,"undersweep",12,12,6,"Old",1
"3620",2,66,1,"undersweep",6,6,2,"Old",1
"3632",2,20,3,"undersweep",8,5,1,"Old",1
"3644",2,57,1,"undersweep",10,10,3,"Old",1
"3653",2,10,2,"undersweep",9,12,5,"Old",1
"3662",2,12,1,"undersweep",5,5,0,"Old",1
"3674",3,99,2,"undersweep",2,5,2,"Old",1
"3690",3,32,1,"accurate",1,1,NA,"Old",0
"3707",3,40,3,"accurate",7,4,NA,"Old",0
"3724",3,22,3,"accurate",4,1,NA,"Old",0
"3736",3,34,3,"accurate",6,3,NA,"Old",0
"3759",3,92,1,"accurate",2,2,NA,"Old",0
"3773",3,91,3,"accurate",3,0,NA,"Old",0
"3785",3,35,1,"accurate",4,4,NA,"Old",0
"3799",3,6,2,"undersweep",5,8,2,"Old",1
"3812",3,55,3,"accurate",3,0,NA,"Old",0
"3825",3,3,2,"undersweep",4,7,2,"Old",1
"3843",3,96,2,"accurate",2,5,NA,"Old",0
"3872",3,68,1,"accurate",2,2,NA,"Old",0
"3887",3,16,3,"accurate",3,0,NA,"Old",0
"3901",3,69,2,"undersweep",1,4,3,"Old",1
"3918",3,11,1,"accurate",NA,-1,NA,"Old",0
"3932",3,101,1,"undersweep",6,6,3,"Old",1
"3947",3,54,2,"undersweep",4,7,2,"Old",1
"3962",3,105,2,"accurate",NA,1,NA,"Old",0
"3976",3,30,2,"undersweep",5,8,4,"Old",1
"3990",3,45,2,"undersweep",5,8,4,"Old",1
"4003",3,77,1,"accurate",4,4,NA,"Old",0
"4018",3,60,2,"undersweep",2,5,2,"Old",1
"4032",3,74,1,"undersweep",7,6,4,"Old",1
"4050",3,78,2,"undersweep",2,5,1,"Old",1
"4065",3,72,2,"accurate",NA,1,NA,"Old",0
"4085",3,62,1,"accurate",3,2,NA,"Old",0
"4101",3,70,3,"accurate",NA,-5,NA,"Old",0
"4117",3,51,2,"undersweep",NA,3,-3,"Old",1
"4131",3,33,2,"undersweep",1,3,1,"Old",1
"4146",3,7,3,"accurate",NA,-5,NA,"Old",0
"4160",3,86,1,"accurate",1,0,NA,"Old",0
"4172",3,103,3,"accurate",NA,-3,NA,"Old",0
"4189",3,38,1,"accurate",1,1,NA,"Old",0
"4206",3,100,3,"accurate",NA,-6,NA,"Old",0
"4224",3,58,3,"accurate",1,-2,NA,"Old",0
"4241",3,76,3,"accurate",1,-2,NA,"Old",0
"4252",3,81,2,"undersweep",4,7,2,"Old",1
"4265",3,89,1,"accurate",3,3,NA,"Old",0
"4302",3,42,2,"undersweep",NA,2,0,"Old",1
"4317",3,28,3,"accurate",NA,-4,NA,"Old",0
"4333",3,17,1,"accurate",NA,-2,NA,"Old",0
"4346",3,41,1,"undersweep",2,2,0,"Old",1
"4362",3,47,1,"accurate",2,2,NA,"Old",0
"4375",3,98,1,"accurate",3,3,NA,"Old",0
"4386",3,80,1,"undersweep",3,3,-1,"Old",1
"4404",3,14,1,"accurate",2,2,NA,"Old",0
"4416",3,46,3,"accurate",NA,-3,NA,"Old",0
"4429",3,56,1,"accurate",NA,-1,NA,"Old",0
"4446",3,63,2,"undersweep",3,6,2,"Old",1
"4464",3,104,1,"accurate",2,2,NA,"Old",0
"4479",3,93,2,"accurate",NA,3,NA,"Old",0
"4490",3,8,1,"accurate",NA,-1,NA,"Old",0
"4506",3,67,3,"accurate",1,-2,NA,"Old",0
"4518",3,84,2,"accurate",1,4,NA,"Old",0
"4533",3,90,2,"accurate",2,5,NA,"Old",0
"4550",3,97,3,"accurate",3,0,NA,"Old",0
"4560",3,83,1,"accurate",NA,0,NA,"Old",0
"4570",3,59,1,"accurate",2,2,NA,"Old",0
"4585",3,79,3,"accurate",4,1,NA,"Old",0
"4597",3,5,1,"accurate",3,3,NA,"Old",0
"4616",3,48,2,"undersweep",1,4,0,"Old",1
"4631",3,53,1,"undersweep",3,3,1,"Old",1
"4646",3,29,1,"accurate",1,1,NA,"Old",0
"4661",3,21,2,"accurate",NA,3,NA,"Old",0
"4671",3,25,3,"accurate",2,-1,NA,"Old",0
"4684",3,52,3,"accurate",NA,-4,NA,"Old",0
"4700",3,37,3,"accurate",3,0,NA,"Old",0
"4712",3,64,3,"accurate",3,0,NA,"Old",0
"4727",3,31,3,"accurate",2,-1,NA,"Old",0
"4741",3,49,3,"accurate",6,3,NA,"Old",0
"4750",3,27,2,"undersweep",2,5,1,"Old",1
"4773",3,61,3,"accurate",4,1,NA,"Old",0
"4786",3,88,3,"accurate",2,-1,NA,"Old",0
"4803",3,50,1,"accurate",3,3,NA,"Old",0
"4816",3,87,2,"undersweep",3,6,3,"Old",1
"4828",3,26,1,"accurate",2,2,NA,"Old",0
"4840",3,43,3,"accurate",3,-1,NA,"Old",0
"4855",3,94,3,"accurate",3,0,NA,"Old",0
"4869",3,19,3,"accurate",2,-1,NA,"Old",0
"4884",3,102,2,"undersweep",1,4,0,"Old",1
"4897",3,44,1,"accurate",4,4,NA,"Old",0
"4908",3,15,2,"undersweep",3,6,3,"Old",1
"4920",3,73,3,"undersweep",9,6,1,"Old",1
"4933",3,1,3,"accurate",2,-1,NA,"Old",0
"4949",3,36,2,"undersweep",6,9,3,"Old",1
"4963",3,82,3,"accurate",1,-2,NA,"Old",0
"4977",3,71,1,"undersweep",3,3,1,"Old",1
"4992",3,23,1,"accurate",3,3,NA,"Old",0
"5002",3,65,1,"accurate",3,3,NA,"Old",0
"5018",3,2,1,"accurate",1,1,NA,"Old",0
"5029",3,4,3,"accurate",3,0,NA,"Old",0
"5044",3,18,2,"undersweep",11,14,2,"Old",1
"5057",3,85,3,"accurate",2,-1,NA,"Old",0
"5073",3,75,2,"undersweep",1,4,1,"Old",1
"5090",3,24,2,"undersweep",4,7,2,"Old",1
"5109",3,95,1,"undersweep",7,7,2,"Old",1
"5122",3,39,2,"undersweep",4,7,1,"Old",1
"5140",3,13,3,"accurate",NA,-3,NA,"Old",0
"5154",3,9,2,"undersweep",NA,3,0,"Old",1
"5169",3,66,2,"accurate",NA,1,NA,"Old",0
"5185",3,20,1,"undersweep",4,4,2,"Old",1
"5199",3,57,2,"undersweep",5,8,3,"Old",1
"5221",3,10,3,"undersweep",8,5,2,"Old",1
"5239",3,12,2,"undersweep",1,4,1,"Old",1
"5256",4,99,3,"accurate",6,3,NA,"Old",0
"5274",4,32,2,"undersweep",2,5,1,"Old",1
"5289",4,40,1,"undersweep",10,10,2,"Old",1
"5315",4,22,1,"accurate",1,1,NA,"Old",0
"5332",4,34,1,"undersweep",5,5,1,"Old",1
"5350",4,92,2,"undersweep",3,6,0,"Old",1
"5366",4,91,1,"accurate",3,3,NA,"Old",0
"5381",4,35,2,"undersweep",4,7,3,"Old",1
"5398",4,6,3,"accurate",6,3,NA,"Old",0
"5413",4,55,1,"accurate",5,5,NA,"Old",0
"5428",4,3,3,"accurate",4,1,NA,"Old",0
"5441",4,96,3,"accurate",5,2,NA,"Old",0
"5465",4,68,2,"undersweep",8,11,4,"Old",1
"5478",4,16,1,"accurate",6,6,NA,"Old",0
"5492",4,69,3,"accurate",6,3,NA,"Old",0
"5508",4,11,2,"undersweep",4,7,0,"Old",1
"5520",4,101,2,"undersweep",4,7,2,"Old",1
"5537",4,54,3,"accurate",5,2,NA,"Old",0
"5554",4,105,3,"accurate",4,1,NA,"Old",0
"5566",4,30,3,"accurate",9,6,NA,"Old",0
"5579",4,45,3,"accurate",4,1,NA,"Old",0
"5588",4,77,2,"undersweep",6,9,2,"Old",1
"5600",4,60,3,"accurate",4,1,NA,"Old",0
"5614",4,74,2,"undersweep",8,11,1,"Old",1
"5628",4,78,3,"undersweep",7,4,2,"Old",1
"5644",4,72,3,"undersweep",6,3,-2,"Old",1
"5666",4,62,2,"undersweep",7,10,4,"Old",1
"5680",4,70,1,"undersweep",5,5,2,"Old",1
"5692",4,51,3,"accurate",4,1,NA,"Old",0
"5707",4,33,3,"accurate",6,3,NA,"Old",0
"5717",4,7,1,"undersweep",5,5,2,"Old",1
"5731",4,86,2,"undersweep",5,8,0,"Old",1
"5745",4,103,1,"accurate",4,4,NA,"Old",0
"5761",4,38,2,"undersweep",9,12,5,"Old",1
"5773",4,100,1,"accurate",6,5,NA,"Old",0
"5788",4,58,1,"accurate",6,6,NA,"Old",0
"5800",4,76,1,"accurate",4,4,NA,"Old",0
"5813",4,81,3,"accurate",4,1,NA,"Old",0
"5826",4,89,2,"accurate",1,4,NA,"Old",0
"5837",4,42,3,"accurate",8,5,NA,"Old",0
"5847",4,28,1,"undersweep",8,8,3,"Old",1
"5870",4,17,2,"accurate",3,6,NA,"Old",0
"5884",4,41,2,"undersweep",NA,2,0,"Old",1
"5896",4,47,2,"undersweep",7,10,2,"Old",1
"5909",4,98,2,"undersweep",6,9,3,"Old",1
"5923",4,80,2,"undersweep",5,8,1,"Old",1
"5937",4,14,2,"undersweep",8,11,2,"Old",1
"5951",4,46,1,"accurate",4,4,NA,"Old",0
"5963",4,56,2,"undersweep",5,8,-1,"Old",1
"5973",4,63,3,"accurate",4,1,NA,"Old",0
"5991",4,104,2,"undersweep",4,7,1,"Old",1
"6007",4,93,3,"accurate",1,-2,NA,"Old",0
"6021",4,8,2,"undersweep",8,11,-1,"Old",1
"6038",4,67,1,"accurate",4,4,NA,"Old",0
"6050",4,84,3,"accurate",2,-1,NA,"Old",0
"6064",4,90,3,"accurate",3,0,NA,"Old",0
"6075",4,97,1,"accurate",5,5,NA,"Old",0
"6085",4,83,2,"undersweep",2,5,1,"Old",1
"6093",4,59,2,"undersweep",2,5,-1,"Old",1
"6104",4,79,1,"accurate",1,1,NA,"Old",0
"6114",4,5,2,"undersweep",2,5,-1,"Old",1
"6127",4,48,3,"accurate",3,0,NA,"Old",0
"6148",4,53,2,"undersweep",5,8,-1,"Old",1
"6161",4,29,2,"accurate",NA,3,NA,"Old",0
"6173",4,21,3,"accurate",NA,-3,NA,"Old",0
"6185",4,25,1,"undersweep",4,4,-2,"Old",1
"6198",4,52,1,"accurate",4,4,NA,"Old",0
"6212",4,37,1,"accurate",1,1,NA,"Old",0
"6223",4,64,1,"undersweep",3,3,-2,"Old",1
"6237",4,31,1,"accurate",4,4,NA,"Old",0
"6251",4,49,1,"accurate",4,4,NA,"Old",0
"6262",4,27,3,"accurate",4,1,NA,"Old",0
"6274",4,61,1,"accurate",4,4,NA,"Old",0
"6288",4,88,1,"accurate",3,3,NA,"Old",0
"6302",4,50,2,"undersweep",3,6,-1,"Old",1
"6317",4,87,3,"accurate",2,-1,NA,"Old",0
"6328",4,26,2,"undersweep",2,5,4,"Old",1
"6342",4,43,1,"accurate",4,4,NA,"Old",0
"6356",4,94,1,"accurate",3,3,NA,"Old",0
"6369",4,19,1,"accurate",4,4,NA,"Old",0
"6383",4,102,3,"undersweep",9,6,0,"Old",1
"6396",4,44,2,"undersweep",4,7,-1,"Old",1
"6412",4,15,3,"accurate",4,1,NA,"Old",0
"6426",4,73,1,"accurate",5,5,NA,"Old",0
"6438",4,1,1,"accurate",NA,0,NA,"Old",0
"6450",4,36,3,"accurate",6,3,NA,"Old",0
"6467",4,82,1,"undersweep",7,7,-2,"Old",1
"6480",4,71,2,"undersweep",1,4,-1,"Old",1
"6492",4,23,2,"undersweep",4,7,2,"Old",1
"6504",4,65,2,"undersweep",5,8,2,"Old",1
"6519",4,2,2,"undersweep",5,8,2,"Old",1
"6534",4,4,1,"undersweep",5,5,0,"Old",1
"6551",4,18,3,"accurate",5,2,NA,"Old",0
"6565",4,85,1,"accurate",5,5,NA,"Old",0
"6577",4,75,3,"accurate",4,1,NA,"Old",0
"6594",4,24,3,"accurate",5,2,NA,"Old",0
"6608",4,95,2,"undersweep",2,5,-2,"Old",1
"6622",4,39,3,"accurate",1,-2,NA,"Old",0
"6641",4,13,1,"accurate",NA,0,NA,"Old",0
"6653",4,9,3,"accurate",3,0,NA,"Old",0
"6667",4,66,3,"accurate",3,0,NA,"Old",0
"6683",4,20,2,"undersweep",2,5,0,"Old",1
"6694",4,57,3,"accurate",1,-2,NA,"Old",0
"6705",4,10,1,"undersweep",4,4,-1,"Old",1
"6717",4,12,3,"accurate",6,2,NA,"Old",0
"7",5,55,1,"accurate",7,7,NA,"New",0
"21",5,39,3,"accurate",7,4,NA,"New",0
"43",5,18,3,"accurate",10,7,NA,"New",0
"66",5,6,3,"accurate",8,5,NA,"New",0
"85",5,22,1,"accurate",8,8,NA,"New",0
"107",5,65,2,"accurate",7,10,NA,"New",0
"127",5,35,2,"accurate",8,11,NA,"New",0
"146",5,41,2,"undersweep",11,14,10,"New",1
"168",5,15,3,"accurate",11,8,NA,"New",0
"187",5,43,1,"accurate",8,8,NA,"New",0
"200",5,85,1,"accurate",11,11,NA,"New",0
"220",5,60,3,"accurate",8,5,NA,"New",0
"235",5,69,3,"accurate",13,10,NA,"New",0
"258",5,62,2,"undersweep",14,17,12,"New",1
"277",5,86,2,"accurate",10,13,NA,"New",0
"298",5,67,1,"accurate",8,8,NA,"New",0
"315",5,79,1,"accurate",9,9,NA,"New",0
"335",5,72,3,"accurate",11,8,NA,"New",0
"3561",5,5,2,"accurate",10,13,NA,"New",0
"374",5,49,1,"accurate",12,12,NA,"New",0
"392",5,88,1,"accurate",12,12,NA,"New",0
"416",5,73,1,"undersweep",11,11,7,"New",1
"429",5,61,1,"accurate",14,14,NA,"New",0
"447",5,36,3,"accurate",11,8,NA,"New",0
"4701",5,11,2,"accurate",9,11,NA,"New",0
"487",5,56,2,"accurate",10,13,NA,"New",0
"501",5,63,3,"accurate",8,5,NA,"New",0
"517",5,66,3,"accurate",10,7,NA,"New",0
"543",5,48,3,"accurate",8,5,NA,"New",0
"559",5,78,3,"accurate",6,3,NA,"New",0
"576",5,83,2,"accurate",10,13,NA,"New",0
"598",5,8,2,"accurate",8,11,NA,"New",0
"620",5,51,3,"accurate",11,8,NA,"New",0
"635",5,64,1,"accurate",10,10,NA,"New",0
"655",5,14,2,"accurate",14,16,NA,"New",0
"679",5,31,1,"accurate",11,11,NA,"New",0
"699",5,82,1,"accurate",13,13,NA,"New",0
"7211",5,50,2,"accurate",12,15,NA,"New",0
"741",5,75,3,"accurate",10,7,NA,"New",0
"757",5,3,3,"accurate",7,4,NA,"New",0
"777",5,12,3,"accurate",13,10,NA,"New",0
"798",5,23,2,"accurate",9,12,NA,"New",0
"818",5,1,1,"accurate",9,8,NA,"New",0
"839",5,30,3,"accurate",8,5,NA,"New",0
"858",5,71,2,"accurate",12,15,NA,"New",0
"876",5,24,3,"accurate",14,11,NA,"New",0
"900",5,46,1,"accurate",11,11,NA,"New",0
"917",5,32,2,"accurate",12,15,NA,"New",0
"938",5,4,1,"accurate",11,11,NA,"New",0
"960",5,76,1,"accurate",11,11,NA,"New",0
"977",5,28,1,"accurate",12,12,NA,"New",0
"1002",5,84,3,"accurate",12,9,NA,"New",0
"1023",5,87,3,"accurate",9,6,NA,"New",0
"1048",5,80,2,"accurate",12,15,NA,"New",0
"1064",5,58,1,"accurate",11,11,NA,"New",0
"1077",5,42,3,"accurate",14,11,NA,"New",0
"1097",5,45,3,"accurate",11,7,NA,"New",0
"1116",5,17,2,"accurate",10,13,NA,"New",0
"1139",5,25,1,"accurate",11,11,NA,"New",0
"1157",5,68,2,"accurate",14,17,NA,"New",0
"1178",5,37,1,"accurate",13,12,NA,"New",0
"1197",5,13,1,"accurate",10,10,NA,"New",0
"1216",5,7,1,"accurate",9,9,NA,"New",0
"1235",5,52,1,"accurate",10,10,NA,"New",0
"1256",5,38,2,"accurate",12,15,NA,"New",0
"1282",5,9,3,"accurate",10,7,NA,"New",0
"1298",5,40,1,"accurate",13,13,NA,"New",0
"1313",5,44,2,"accurate",14,17,NA,"New",0
"1327",5,47,2,"accurate",13,16,NA,"New",0
"1350",5,16,1,"accurate",10,10,NA,"New",0
"1374",5,29,2,"accurate",14,17,NA,"New",0
"1396",5,53,2,"accurate",11,14,NA,"New",0
"1412",5,27,3,"accurate",11,8,NA,"New",0
"1436",5,90,3,"accurate",14,11,NA,"New",0
"1454",5,81,3,"accurate",15,12,NA,"New",0
"1474",5,57,3,"accurate",11,8,NA,"New",0
"1490",5,70,1,"accurate",11,11,NA,"New",0
"1516",5,2,2,"accurate",13,16,NA,"New",0
"1536",5,19,1,"accurate",12,12,NA,"New",0
"1559",5,26,2,"accurate",8,11,NA,"New",0
"1581",5,34,1,"accurate",9,9,NA,"New",0
"1604",5,21,3,"accurate",14,11,NA,"New",0
"1620",5,54,3,"accurate",10,7,NA,"New",0
"1638",5,77,2,"undersweep",15,18,11,"New",1
"1655",5,74,2,"accurate",11,14,NA,"New",0
"1673",5,89,2,"accurate",8,11,NA,"New",0
"1691",5,10,1,"accurate",9,9,NA,"New",0
"1711",5,59,2,"accurate",11,14,NA,"New",0
"1728",5,33,3,"accurate",5,2,NA,"New",0
"1746",5,20,2,"accurate",11,14,NA,"New",0
"1769",6,18,1,"accurate",7,7,NA,"New",0
"1795",6,14,3,"accurate",7,4,NA,"New",0
"1823",6,38,3,"accurate",11,8,NA,"New",0
"1854",6,41,3,"accurate",6,3,NA,"New",0
"1879",6,84,1,"undersweep",10,10,4,"New",1
"1901",6,1,2,"undersweep",4,7,4,"New",1
"1931",6,39,1,"accurate",9,9,NA,"New",0
"1958",6,10,2,"accurate",5,8,NA,"New",0
"1979",6,3,1,"accurate",12,12,NA,"New",0
"2008",6,48,1,"accurate",7,7,NA,"New",0
"2032",6,58,2,"accurate",5,8,NA,"New",0
"2052",6,33,1,"undersweep",6,6,5,"New",1
"2076",6,72,1,"accurate",7,7,NA,"New",0
"2103",6,4,2,"undersweep",9,12,6,"New",1
"2126",6,82,2,"accurate",7,10,NA,"New",0
"2149",6,73,2,"accurate",5,8,NA,"New",0
"2176",6,44,3,"accurate",6,3,NA,"New",0
"2194",6,80,3,"accurate",11,8,NA,"New",0
"2217",6,29,3,"accurate",6,3,NA,"New",0
"2240",6,89,3,"accurate",9,6,NA,"New",0
"22621",6,59,3,"accurate",3,0,NA,"New",0
"2284",6,63,1,"accurate",5,5,NA,"New",0
"2301",6,46,2,"undersweep",7,10,7,"New",1
"2321",6,71,3,"undersweep",11,8,5,"New",1
"2345",6,12,1,"undersweep",7,7,5,"New",1
"2371",6,86,3,"accurate",8,5,NA,"New",0
"2395",6,50,3,"undersweep",10,7,6,"New",1
"2421",6,7,2,"accurate",6,8,NA,"New",0
"2449",6,6,1,"accurate",6,6,NA,"New",0
"2469",6,45,1,"undersweep",8,8,4,"New",1
"2495",6,67,2,"undersweep",7,10,7,"New",1
"2517",6,70,2,"undersweep",4,7,5,"New",1
"2558",6,2,3,"undersweep",3,0,-1,"New",1
"2581",6,88,2,"undersweep",6,9,6,"New",1
"2606",6,26,3,"undersweep",11,8,4,"New",1
"2634",6,83,3,"accurate",8,5,NA,"New",0
"2654",6,13,2,"undersweep",5,8,3,"New",1
"2675",6,24,1,"undersweep",4,4,3,"New",1
"2707",6,32,3,"accurate",7,4,NA,"New",0
"2728",6,51,1,"accurate",8,8,NA,"New",0
"2754",6,34,2,"accurate",11,14,NA,"New",0
"2774",6,53,3,"accurate",10,7,NA,"New",0
"2798",6,49,2,"undersweep",11,14,9,"New",1
"2823",6,37,2,"accurate",4,7,NA,"New",0
"2843",6,77,3,"accurate",8,5,NA,"New",0
"2863",6,42,1,"accurate",7,7,NA,"New",0
"2886",6,9,1,"accurate",9,9,NA,"New",0
"2904",6,43,2,"accurate",5,8,NA,"New",0
"2922",6,16,2,"accurate",5,8,NA,"New",0
"2946",6,61,2,"undersweep",9,12,8,"New",1
"2964",6,78,1,"accurate",6,5,NA,"New",0
"2983",6,75,1,"accurate",7,7,NA,"New",0
"3001",6,76,2,"undersweep",8,11,7,"New",1
"3025",6,40,2,"accurate",7,10,NA,"New",0
"3042",6,27,1,"accurate",7,7,NA,"New",0
"30751",6,5,3,"accurate",13,10,NA,"New",0
"3100",6,65,3,"accurate",4,1,NA,"New",0
"3121",6,31,2,"accurate",9,12,NA,"New",0
"3155",6,25,2,"accurate",4,7,NA,"New",0
"3175",6,20,3,"accurate",5,2,NA,"New",0
"3193",6,69,1,"accurate",6,6,NA,"New",0
"3217",6,57,1,"undersweep",5,5,3,"New",1
"3242",6,22,2,"accurate",5,8,NA,"New",0
"3265",6,21,1,"accurate",5,5,NA,"New",0
"3286",6,68,3,"accurate",5,2,NA,"New",0
"3310",6,11,3,"accurate",10,7,NA,"New",0
"3330",6,79,2,"accurate",3,6,NA,"New",0
"3352",6,90,1,"accurate",9,9,NA,"New",0
"3374",6,28,2,"undersweep",7,10,7,"New",1
"3406",6,54,1,"accurate",3,3,NA,"New",0
"34291",6,8,3,"accurate",6,3,NA,"New",0
"3453",6,85,2,"accurate",7,10,NA,"New",0
"3473",6,87,1,"accurate",6,6,NA,"New",0
"3501",6,66,1,"accurate",4,4,NA,"New",0
"3530",6,56,3,"accurate",6,3,NA,"New",0
"3548",6,17,3,"accurate",6,3,NA,"New",0
"3576",6,64,2,"undersweep",11,14,5,"New",1
"36011",6,81,1,"accurate",8,8,NA,"New",0
"3621",6,30,1,"accurate",5,5,NA,"New",0
"3643",6,47,3,"accurate",5,2,NA,"New",0
"3665",6,60,1,"undersweep",7,7,3,"New",1
"3678",6,52,2,"undersweep",38,41,27,"New",1
"3703",6,35,3,"accurate",7,4,NA,"New",0
"3725",6,19,2,"accurate",6,9,NA,"New",0
"3766",6,74,3,"accurate",12,9,NA,"New",0
"3791",6,62,3,"accurate",14,11,NA,"New",0
"3802",6,23,3,"accurate",5,2,NA,"New",0
"3831",6,55,2,"undersweep",6,9,7,"New",1
"3849",6,36,1,"undersweep",10,10,2,"New",1
"3876",6,15,1,"accurate",13,13,NA,"New",0
"3906",7,54,2,"undersweep",6,9,5,"New",1
"3957",7,90,2,"undersweep",9,12,4,"New",1
"40181",7,85,3,"accurate",12,9,NA,"New",0
"4092",7,16,3,"undersweep",12,9,2,"New",1
"4162",7,15,2,"accurate",5,8,NA,"New",0
"4204",7,29,1,"undersweep",10,10,4,"New",1
"4314",7,81,2,"undersweep",3,6,3,"New",1
"4399",7,22,3,"undersweep",10,7,3,"New",1
"4460",7,32,1,"undersweep",8,8,3,"New",1
"4509",7,73,3,"accurate",6,3,NA,"New",0
"4556",7,68,1,"undersweep",10,9,3,"New",1
"4612",7,10,3,"undersweep",9,6,2,"New",1
"4687",7,3,2,"undersweep",3,6,3,"New",1
"4757",7,59,1,"undersweep",8,8,3,"New",1
"4810",7,38,1,"undersweep",12,12,11,"New",1
"4906",7,11,1,"undersweep",14,14,5,"New",1
